{
    "output": "output/bipartite_hard",
    "directory": "output/",
    "extension": "ncol",
    "vertices": [
        200,
        1000
    ],
    "communities": [
        10,
        10
    ],
    "x": [
        0,
        0
    ],
    "z": [
        false,
        false
    ],
    "p": [
        [
            0.1,
            0.1,
            0.1,
            0.1,
            0.1,
            0.1,
            0.1,
            0.1,
            0.1,
            0.1
        ],
        [
            0.1,
            0.1,
            0.1,
            0.1,
            0.1,
            0.1,
            0.1,
            0.1,
            0.1,
            0.1
        ]
    ],
    "balanced": true,
    "d": [
        0.3
    ],
    "mu": [
        0.3
    ],
    "noise": [
        0.2
    ],
    "unweighted": false,
    "normalize": true,
    "conf": "input/input_document_term_hard.json",
    "show_timing": false,
    "save_timing_csv": false,
    "save_timing_json": false,
    "unique_key": false,
    "edges": 2031
}