{
    "output": "output/document_term_easy",
    "directory": "output/",
    "extension": "ncol",
    "vertices": [
        150,
        250
    ],
    "communities": [
        3,
        3
    ],
    "x": [
        0,
        0
    ],
    "z": [
        false,
        false
    ],
    "p": [
        [
            0.33,
            0.33,
            0.34
        ],
        [
            0.33,
            0.33,
            0.34
        ]
    ],
    "balanced": true,
    "d": [
        0.4
    ],
    "mu": [
        0.5
    ],
    "noise": [
        0.1
    ],
    "unweighted": false,
    "normalize": true,
    "conf": "input/input_document_term_easy.json",
    "show_timing": false,
    "save_timing_csv": false,
    "save_timing_json": false,
    "unique_key": false,
    "edges": 3014
}