{
    "output": "output/heterogeneous",
    "directory": "output/",
    "extension": "ncol",
    "vertices": [
        15,
        25,
        40
    ],
    "communities": [
        2,
        2,
        4
    ],
    "x": [
        0,
        0,
        0
    ],
    "z": [
        0,
        0,
        0
    ],
    "p": [
        [
            0.5,
            0.5
        ],
        [
            0.5,
            0.5
        ],
        [
            0.25,
            0.25,
            0.25,
            0.25
        ]
    ],
    "balanced": true,
    "d": [
        0.45,
        0.85,
        0.15,
        0.15
    ],
    "mu": [
        0.45,
        0.85,
        0.35,
        0.35
    ],
    "noise": [
        0.1,
        0.2,
        0.0,
        0.0
    ],
    "unweighted": false,
    "normalize": true,
    "conf": "input/input_heterogeneous.json",
    "show_timing": false,
    "save_timing_csv": false,
    "save_timing_json": false,
    "unique_key": false,
    "edges": 455
}