{
	"descriptions": "Plot bipartite graph",
	"in": {
		"long": "input",
		"required": false,
		"dest": "input",
		"type": "str",
		"nargs": "?",
		"action": "store",
		"default": null,
		"help": "graph file name"
	},
	"dir": {
		"long": "directory",
		"required": false,
		"dest": "directory",
		"type": "str",
		"nargs": "?",
		"action": "store",
		"default": null,
		"help": "output directory name"
	},
	"out": {
		"long": "output",
		"required": false,
		"dest": "output",
		"type": "str",
		"nargs": "?",
		"action": "store",
		"default": null,
		"help": "output file name"
	},
	"cnf": {
		"long": "conf",
		"required": false,
		"dest": "conf",
		"type": "str",
		"nargs": "?",
		"action": "store",
		"default": null,
		"help": "config file name"
	},
	"type": {
		"long": "type_file",
		"required": false,
		"dest": "type_file",
		"type": "str",
		"nargs": "?",
		"action": "store",
		"default": null,
		"help": "graph type file name"
	},
	"m": {
		"long": "membership",
		"required": false,
		"dest": "membership",
		"type": "str",
		"nargs": "?",
		"action": "store",
		"default": null,
		"help": "membership labels file name"
	},
	"c": {
		"long": "cover",
		"required": false,
		"dest": "cover",
		"type": "str",
		"nargs": "?",
		"action": "store",
		"default": null,
		"help": "cover labels file name"
	},
	"w": {
		"long": "weight",
		"required": false,
		"dest": "weight",
		"type": "str",
		"nargs": "?",
		"action": "store",
		"default": null,
		"help": "vertex weight filen name"
	},
	"xy": {
		"long": "layout",
		"required": false,
		"dest": "layout",
		"type": "str",
		"nargs": "?",
		"action": "store",
		"default": null,
		"help": "layout xy file name"
	},
	"clr": {
		"long": "color",
		"required": false,
		"dest": "color",
		"type": "str",
		"nargs": "?",
		"action": "store",
		"default": null,
		"help": "colors file name"
	},
	"di": {
		"long": "delete_degree",
		"required": false,
		"dest": "delete_degree",
		"type": "int",
		"nargs": "+",
		"action": "store",
		"default": false,
		"help": "delete vertex by degree"
	},
    "dwle": {
        "long": "delete_weight_le",
        "required": false,
        "dest": "delete_weight_le",
        "type": "int",
        "nargs": "+",
        "action": "store",
        "default": false,
        "help": "delete edge by weight less than or equal to"
    },
	"cd": {
		"long": "coloring_degree",
		"required": false,
		"dest": "coloring_degree",
		"action": "store_true",
		"default": false,
		"help": "coloring degree"
	},
	"cw": {
		"long": "coloring_weight",
		"required": false,
		"dest": "coloring_weight",
		"action": "store_true",
		"default": false,
		"help": "coloring vertex weight"
	},
    "cdt": {
        "long": "community_detection",
        "required": false,
        "dest": "community_detection",
        "action": "store_true",
        "default": false,
        "help": "community detection algorithm"
    },
	"os": {
		"long": "overlap_shape",
		"required": false,
		"dest": "overlap_shape",
		"type": "str",
		"nargs": "?",
		"action": "store",
		"default": "rectangle",
		"help": "overlap shape"
	},
	"op": {
		"long": "overlapping_paint",
		"required": false,
		"dest": "overlapping_paint",
		"action": "store_true",
		"default": false,
		"help": "overlap vertex paint"
	},
	"vfc": {
		"long": "vertex_frame_color",
		"required": false,
		"dest": "vertex_frame_color",
		"type": "str",
		"nargs": "?",
		"action": "store",
		"default": "white",
		"help": "vertex frame color"
	},
	"vfw": {
		"long": "vertex_frame_width",
		"required": false,
		"dest": "vertex_frame_width",
		"type": "int",
		"nargs": "?",
		"action": "store",
		"default": 1.0,
		"help": "vertex frame width"
	},
	"oc": {
		"long": "overlapping_color",
		"required": false,
		"dest": "overlapping_color",
		"type": "str",
		"nargs": "?",
		"action": "store",
		"default": "red",
		"help": "overlapping vertex color"
	},
	"v": {
		"long": "vertices",
		"required": false,
		"dest": "vertices",
		"type": "int",
		"nargs": "+",
		"action": "store",
		"default": null,
		"help": "number of vertices for each layer"
	},
    "k": {
        "long": "k",
        "required": false,
        "dest": "k",
        "type": "int",
        "nargs": "?",
        "action": "store",
        "default": 3,
        "help": "number of communities"
    },
	"mg": {
		"long": "margin",
		"required": false,
		"dest": "margin",
		"type": "int",
		"nargs": "?",
		"action": "store",
		"default": 20,
		"help": "image margin"
	},
	"vsize": {
		"long": "vertex_size",
		"required": false,
		"dest": "vertex_size",
		"type": "int",
		"nargs": "?",
		"action": "store",
		"default": 10,
		"help": "vertex size"
	},
	"vmin": {
		"long": "vertex_min",
		"required": false,
		"dest": "vertex_min",
		"type": "int",
		"nargs": "?",
		"action": "store",
		"default": 6,
		"help": "minimum vertex size"
	},
	"vmax": {
		"long": "vertex_max",
		"required": false,
		"dest": "vertex_max",
		"type": "int",
		"nargs": "?",
		"action": "store",
		"default": 100,
		"help": "maximum vertex size"
	},
	"wmin": {
		"long": "weight_min",
		"required": false,
		"dest": "weight_min",
		"type": "int",
		"nargs": "?",
		"action": "store",
		"default": 0.1,
		"help": "minimum vertex weight"
	},
	"wmax": {
		"long": "weight_max",
		"required": false,
		"dest": "weight_max",
		"type": "int",
		"nargs": "?",
		"action": "store",
		"default": 10,
		"help": "maximum vertex weight"
	},
	"omin": {
		"long": "opacity_min",
		"required": false,
		"dest": "opacity_min",
		"type": "int",
		"nargs": "?",
		"action": "store",
		"default": 0.01,
		"help": "minimum opacity degree"
	},
	"omax": {
		"long": "opacity_max",
		"required": false,
		"dest": "opacity_max",
		"type": "int",
		"nargs": "?",
		"action": "store",
		"default": 0.8,
		"help": "maximum opacity for degree"
	},
	"b": {
		"long": "bbox",
		"required": false,
		"dest": "bbox",
		"type": "int",
		"nargs": "+",
		"action": "store",
		"default": [300, 300],
		"help": "the bounding box of the plot"
	},
	"deg": {
		"long": "degree",
		"required": false,
		"dest": "degree",
		"action": "store_true",
		"default": false,
		"help": "degree as vertex size"
	},
	"blk": {
		"long": "black",
		"required": false,
		"dest": "black",
		"action": "store_true",
		"default": false,
		"help": "drawn as black"
	},
	"eq": {
		"long": "eq_color",
		"required": false,
		"dest": "eq_color",
		"action": "store_true",
		"default": false,
		"help": "eq color"
	},
	"lyt": {
		"long": "layout_name",
		"required": false,
		"dest": "layout_name",
		"type": "str",
		"nargs": "?",
		"action": "store",
		"default": "fr",
		"help": "layout name"
	},
	"crv": {
		"long": "curved",
		"required": false,
		"dest": "curved",
		"action": "store_true",
		"default": false,
		"help": "edge curved"
	},
	"rtt": {
		"long": "pdf_rotete",
		"required": false,
		"dest": "pdf_rotete",
		"action": "store_true",
		"default": false,
		"help": "rotated output"
	},
	"trm": {
		"long": "img_trim",
		"required": false,
		"dest": "img_trim",
		"action": "store_true",
		"default": false,
		"help": "trim output"
	},
	"pdf": {
		"long": "save_pdf",
		"required": false,
		"dest": "save_pdf",
		"action": "store_true",
		"default": false,
		"help": "save pdf"
	},
	"png": {
		"long": "save_png",
		"required": false,
		"dest": "save_png",
		"action": "store_true",
		"default": false,
		"help": "save png"
	},
	"shw": {
		"long": "show",
		"required": false,
		"dest": "show",
		"action": "store_true",
		"default": false,
		"help": "plot output"
	}
}
