{
	"descriptions": "Plot matrix",
	"in": {
		"long": "input",
		"required": false,
		"dest": "input",
		"type": "str",
		"nargs": "?",
		"action": "store",
		"default": null,
		"help": "bipartite Graph file name"
	},
	"dir": {
		"long": "directory",
		"required": false,
		"dest": "directory",
		"type": "str",
		"nargs": "?",
		"action": "store",
		"default": null,
		"help": "output directory name"
	},
	"out": {
		"long": "output",
		"required": false,
		"dest": "output",
		"type": "str",
		"nargs": "?",
		"action": "store",
		"default": null,
		"help": "output file name"
	},
	"cnf": {
		"long": "conf",
		"required": false,
		"dest": "conf",
		"type": "str",
		"nargs": "?",
		"action": "store",
		"default": null,
		"help": "config file name"
	},
	"v": {
		"long": "vertices",
		"required": false,
		"dest": "vertices",
		"type": "int",
		"nargs": "+",
		"action": "store",
		"default": null,
		"help": "number of vertices for each layer"
	},
	"b": {
		"long": "bbox",
		"required": false,
		"dest": "bbox",
		"type": "int",
		"nargs": "+",
		"action": "store",
		"default": [300, 300],
		"help": "the bounding box of the plot"
	},
	"w": {
		"long": "weighted",
		"required": false,
		"dest": "weighted",
		"action": "store_true",
		"default": false,
		"help": "weighted matrix"
	},
	"cb": {
		"long": "colorbar",
		"required": false,
		"dest": "colorbar",
		"action": "store_true",
		"default": false,
		"help": "weighted matrix"
	},
	"pdf": {
		"long": "save_pdf",
		"required": false,
		"dest": "save_pdf",
		"action": "store_true",
		"default": false,
		"help": "save pdf"
	},
	"png": {
		"long": "save_png",
		"required": false,
		"dest": "save_png",
		"action": "store_true",
		"default": false,
		"help": "save png"
	},
	"shw": {
		"long": "show",
		"required": false,
		"dest": "show",
		"action": "store_true",
		"default": false,
		"help": "show output"
	}
}
