{
	"directory": "output",
	"output": "document_term_hard",
	"vertices": [
		200,
		1000
	],
	"schema": [
		[0,1]
	],
	"communities": [
		10,
		10
	],
	"x": [
		0,
		0
	],
	"z": [
		false,
		false
	],
	"p": null,
	"dispersion":[
		0.25
	],
	"mu": [
		0.25
	],
	"noise": [
		0.4
	],
	"balanced": true,
	"unweighted": false,
	"normalize": true,
	"show_timing": false,
	"save_timing_csv": false,
	"save_timing_json": false,
	"unique_key": false,
	"hard": true,
	"output_npy": false,
	"output_text": true,
	"save_type": true,
	"save_gml": false,
	"save_arff": false,
	"save_ncol": true,
	"save_cover": true,
	"save_membership": true,
	"save_overlap": true
}
