{
	"vertices": [
		15,
		25,
		40
	],
	"bbox": [
		400,
		400
	],
	"input": "output/heterogeneous.ncol",
	"type_file": "output/heterogeneous.type",
	"membership": "output/heterogeneous.membership",
	"directory": "output",
	"output": "img_bnoc_heterogeneous",
	"color": null,
	"layout": null,
	"weight": null,
	"layout_name": "heterogeneous",
	"degree": true,
	"curved": false,
	"img_roteted": false,
	"img_trim": true,
	"save_pdf": false,
	"save_png": true,
	"show": false,
	"black": false,
	"eq_color": true,
    "overlapping_paint": true,
    "overlapping_shape": "rectangle",
    "overlapping_color": "red",
	"vertex_frame_color": "black",
	"vertex_frame_width": 1.0,
    "coloring_degree": false,
    "coloring_weight": false,
    "delete_weight_le": null,
    "delete_degree": [],
	"margin": 45,
	"vertex_size": 8,
	"vertex_max": 25,
	"vertex_min": 5,
	"weight_min": 0.5,
	"weight_max": 10,
	"opacity_min": 0.1,
	"opacity_max": 0.5,
    "community_detection": null,
    "k": 5
}
