{
	"vertices": [
		200,
		1000
	],
	"bbox": [
		800,
		800
	],
	"input": "output/document_term_hard.ncol",
	"type_file": "output/document_term_hard.type",
	"membership": "output/document_term_hard.membership",
	"directory": "output",
	"output": "img_bnoc_document_term_hard",
	"color": null,
	"layout": null,
	"weight": null,
	"layout_name": "fr",
	"degree": true,
	"curved": false,
	"img_roteted": false,
	"img_trim": true,
	"save_pdf": false,
	"save_png": true,
	"show": false,
	"black": true,
	"eq_color": false,
	"overlapping_paint": true,
	"overlapping_shape": "rectangle",
	"overlapping_color": "red",
	"vertex_frame_color": "white",
	"vertex_frame_width": 1.0,
    "coloring_degree": false,
    "coloring_weight": false,
    "delete_weight_le": null,
    "delete_degree": [0, 1],
	"margin": 45,
	"vertex_size": 1,
	"vertex_max": 15,
	"vertex_min": 1,
	"weight_min": 0.5,
	"weight_max": 10,
	"opacity_min": 0.1,
	"opacity_max": 0.8,
    "community_detection": null,
    "k": 5
}
